{
  "calibration_info": {
    "checkerboard_size": [
      7,
      7
    ],
    "square_size_mm": 20.0,
    "num_images_used": 19,
    "image_size": [
      1920,
      1080
    ],
    "rms_error_pixels": 2.901747936932271
  },
  "camera_matrix": {
    "fx": 1824.324226235219,
    "fy": 1826.6495735475653,
    "cx": 893.2395116171509,
    "cy": 544.5931571312402,
    "aspect_ratio": 1.0012746348915977
  },
  "distortion_coefficients": {
    "k1": -20.373669989620616,
    "k2": 166.93097974497894,
    "p1": 0.002099455391964583,
    "p2": -0.031589662815190114,
    "k3": 920.08567429805
  }
}